<?xml version="1.0" encoding="UTF-8"?>
<beans xmlns="http://www.springframework.org/schema/beans"
       xmlns:xsi="http://www.w3.org/2001/XMLSchema-instance"
       xmlns:context="http://www.springframework.org/schema/context"
       xmlns:mvc="http://www.springframework.org/schema/mvc"
       xsi:schemaLocation="http://www.springframework.org/schema/beans
                           http://www.springframework.org/schema/beans/spring-beans.xsd
                           http://www.springframework.org/schema/context
                           http://www.springframework.org/schema/context/spring-context.xsd
                           http://www.springframework.org/schema/mvc
                           http://www.springframework.org/schema/mvc/spring-mvc.xsd">
    <!-- 컴포넌트 스캔을 통한 빈 등록 -->
    <context:component-scan base-package="com.example" />
    <!-- OrderService Bean 정의 -->
    <bean id="orderService" class="com.example.service.OrderServiceImpl" />
    
   <!-- DefaultServletHandlerConfigurer 활성화 -->
    <mvc:default-servlet-handler />
    
    <!-- 어노테이션 기반의 컨트롤러를 처리하기 위한 설정 -->
    <mvc:annotation-driven />

    <!-- ViewResolver 설정 -->
    <bean class="org.springframework.web.servlet.view.InternalResourceViewResolver">
        <property name="prefix" value="/WEB-INF/views/" />
        <!-- <property name="suffix" value=".html" /> -->
        <!-- <property name="suffix" value=".jsp" /> -->
        <property name="suffix" value=".ftl" />
    </bean>  

    <!-- Static resource mapping -->
    <mvc:resources mapping="/resources/**" location="/resources/" />
 
</beans>
